,사업장명,시도명,시군구명,경도,위도
0,한국근현대사박물관,경기도,파주시,126.69425144065035,37.78815319402411
1,풀짚공예박물관,경기도,광주시,127.1643161569406,37.36140130296444
2,명칭,경기도,부천시,126.795147,37.4859817
3,안산 향토사료관,경기도,안산시,126.8473241509708,37.29594627700233
4,한얼전적유물관,경기도,여주군,127.60823595229367,37.39557976139431
5,한국만화박물관,경기도,부천시,126.7458049587302,37.50929512084363
6,나비야놀자박물관,경기도,광명시,126.85187097045109,37.42449537869964
7,한국기독교역사박물관,경기도,이천시,127.49841995163534,37.2200987849852
8,아프리카예술박물관,경기도,포천시,127.139305,37.7752508
9,두루뫼사료관,경기도,파주시,126.89506730999354,37.85388011314418
10,아해한국전통문화어린이박물관(아해박물관),경기도,과천시,127.02924245196452,37.4547971027897
11,주필거미박물관,경기도,양평군,127.330341,37.5579093
12,경기대학교소성박물관,경기도,수원시,127.03444792307786,37.298981200300624
13,프라움 악기박물관,경기도,남양주시,127.22659858734811,37.56559049946709
14,파주 나비나라박물관,경기도,파주시,126.711717,37.7305852
15,부천펄벅기념관,경기도,부천시,126.781689,37.4755419
16,무의자전시관,경기도,남양주시,127.2299703946179,37.64185258058
17,청강만화역사박물관,경기도,이천시,127.35609012642982,37.20438936999361
18,유진민속박물관,경기도,고양시,126.86502972041086,37.64311881153575
19,하남역사박물관,경기도,하남시,127.20533484620532,37.54270374157228
20,남양주 유기농박물관,경기도,남양주시,127.33656602754198,37.59295385512814
21,민속전시관,경기도,고양시,126.77925957238051,37.66745596193007
22,경기도박물관,경기도,용인시,127.10894382990998,37.26531997289122
23,한국 카메라 박물관,경기도,과천시,127.0048643687266,37.4323210700434
24,재단법인 중남미 문화원 병설 박물관,경기도,고양시,126.904194,37.7092688
25,삼성교통박물관,경기도,용인시,127.21714711917863,37.29753175643428
26,한국등잔박물관,경기도,용인시,127.17693653809312,37.33368613724654
27,삼성교통박물관,경기도,용인시,127.21714711917863,37.29753175643428
28,한국민속촌박물관,경기도,용인시,127.12235831921313,37.25660483493357
29,단국대학교 석주선기념박물관,경기도,용인시,127.1264186525918,37.318587538103664
30,명지대학교박물관,경기도,용인시,127.199864,37.2211397
31,예당국악박물관,경기도,남양주시,127.16771133914057,37.587246515506514
32,철도박물관,경기도,의왕시,126.95276580019052,37.31157644716068
33,조명박물관,경기도,양주시,126.96725829513058,37.83372959321481
34,한얼과학문화관,경기도,여주시,127.60823595229367,37.39557976139431
35,잔아박물관,경기도,양평군,127.35400487203886,37.59398981168287
36,우석헌자연사박물관,경기도,남양주시,127.16012515409969,37.69510257738788
37,세미원 연꽃박물관,경기도,양평군,127.32342996311208,37.53801983605042
38,신세계 한국상업사박물관,경기도,용인시,127.18033957174998,37.1474031874618
39,목멱박물관,경기도,남양주시,127.25425856747565,37.54000118250306
40,영집궁시박물관,경기도,파주시,126.71061751943641,37.78215079828318
41,아프리카예술박물관,경기도,포천시,127.13840246098603,37.77341335074108
42,허브아일랜드 식물원,경기도,포천시,127.3079777758787,38.06648115935911
43,신구대학박물관,경기도,성남시,127.16726168581856,37.44598353536739
44,여주곤충박물관,경기도,여주시,127.61528765451509,37.240425282650044
45,수원대학교 박물관,경기도,화성시,126.974074,37.2130763
46,말박물관,경기도,과천시,127.01598246698947,37.44511494070929
47,배다리박물관,경기도,고양시,126.8454973315496,37.6557220264872
48,왈츠와 닥터만 커피박물관,경기도,남양주시,127.3376107855989,37.589239223377625
49,삶의 이야기가 있는 집,경기도,용인시,127.29524846622729,37.17066797632114
50,환경재생조형박물관,경기도,양평군,127.48259601650501,37.48071509762872
51,지도박물관,경기도,수원시,127.05410199672767,37.2729503172536
52,경기도자미술관,경기도,이천시,127.41960594068472,37.26793128402527
53,안산 어촌민속전시관,경기도,안산시,126.64539320899276,37.189804375034925
54,용주사효행박물관,경기도,화성시,126.98439563510404,37.11126624028842
55,김포 다도박물관,경기도,김포시,126.57365831994866,37.73485538662414
56,타임앤블레이드박물관,경기도,파주시,126.69716079438236,37.78466865526524
57,한향림옹기박물관,경기도,파주시,126.700159794551,37.787136831864565
58,고구려대장간마을,경기도,구리시,127.11210016877223,37.558472468379364
59,한과문화박물관,경기도,포천시,127.30285293664534,38.06573449773094
60,해공미술관,경기도,하남시,127.174802,37.5185965
61,옹청박물관,경기도,여주군,127.4479586194574,37.38702287156811
62,한얼의학유물관,경기도,여주군,127.60823595229367,37.39557976139431
63,토지주택박물관,경기도,성남시,127.12036050296965,37.351489251301125
64,안양박물관,경기도,안양시,126.918296,37.4183677
65,대구교육박물관,대구광역시,북구,128.6112496058919,35.8947367470634
66,대구보건대학교 인당뮤지엄,대구광역시,북구,128.544696,35.9225107
67,Dtime 대구은행 금융박물관,대구광역시,수성구,128.61414033198554,35.85631341506042
68,자연염색박물관,대구광역시,동구,128.63510329971504,35.97650117827288
69,박물관 수,대구광역시,수성구,128.6332699213767,35.8621882028156
70,온 어린이 박물관,대구광역시,수성구,128.6246830036208,35.8365250829915
71,국채보상운동기념관,대구광역시,중구,128.60040698679717,35.86591695445926
72,전통산업박물관,대구광역시,동구,128.61256058864504,35.994934670486906
73,용인대학교 박물관,경기도,용인시,127.16738435035928,37.22392133825274
74,경희대 혜정박물관,경기도,용인시,127.07816269668322,37.242442472394615
75,조명박물관,경기도,양주시,126.9689204087441,37.83492137212064
76,증권박물관,경기도,고양시,126.78543953670638,37.635940721353755
77,농경생활사박물관,대구광역시,달성군,128.6246348175118,35.79033334774739
78,대구섬유박물관,대구광역시,동구,128.63917513398596,35.91642811941708
79,계명대학교 행소박물관,대구광역시,달서구,128.48848392096062,35.85247785685415
80,경북대학교 박물관,대구광역시,북구,128.60917021876733,35.88793526633626
81,대구방짜유기박물관,대구광역시,동구,128.69966728480472,35.96292818682077
82,대구근대역사관,대구광역시,중구,128.59028413164347,35.869033118852315
83,대구약령시한의약박물관,대구광역시,중구,128.58900285523464,35.86550501743993
84,박물관 테마동물원 ZooZoo,경기도,고양시,126.85418561093759,37.68655647954233
85,테마동물원Zoozoo,경기도,고양시,126.85418561093759,37.68655647954233
86,충현박물관,경기도,광명시,126.87733606761768,37.43086705943234
87,배다리 박물관,경기도,고양시,126.84594373338709,37.65544955056866
88,증권박물관,경기도,고양시,126.78543953670638,37.635940721353755
89,둥지박물관,경기도,용인시,127.32367049399802,37.13807823494827
90,자연사박물관우석헌,경기도,남양주시,127.16022222926259,37.69530343332705
91,해여림식물원,경기도,여주군,127.43685816693842,37.38953381758011
92,경북대학교 미술관,대구광역시,북구,128.60917021876733,35.88793526633626
93,계명대학교 극재미술관,대구광역시,남구,128.575917,35.8531773
94,대구문화예술회관 미술관,대구광역시,달서구,128.55839473160427,35.841936802327304
95,대구미술관,대구광역시,수성구,128.67383380387767,35.824416420882855
96,한향림도자미술관,경기도,파주시,126.7005000176535,37.78610844485336
97,진주시립이성자미술관,경상남도,진주시,128.14221709819498,35.173161794289214
98,한국거래소 자본시장역사박물관,부산광역시,남구,129.06488296312125,35.14401534430854
99,김해시수도박물관,경상남도,김해시,128.8223184597582,35.28126301631883
100,김해문화의집,경상남도,김해시,128.8859055787801,35.22603150000767
101,산꽃미술관,전라남도,진도군,126.22694196423006,34.52026036975271
102,의림지 역사박물관,충청북도,제천시,128.209491,37.1761314
103,제8대 유엔사무총장 반기문 평화기념관,충청북도,음성군,127.66295754713578,36.889483435483996
104,한국조폐공사 화폐박물관,대전광역시,유성구,127.36861326717262,36.37478290624876
105,한밭교육박물관,대전광역시,동구,127.42836747768267,36.334264251799596
106,충남전기통신박물관,대전광역시,중구,127.38589113179764,36.30134201001403
107,충남대학교박물관,대전광역시,유성구,127.3434754418117,36.3668444014141
108,한남대학교 중앙박물관,대전광역시,대덕구,127.42069299842744,36.35155649644387
109,한남대학교 자연사박물관,대전광역시,대덕구,127.42069299842744,36.35155649644387
110,지질박물관,대전광역시,유성구,127.35991664614161,36.376296371983784
111,대전대학교박물관,대전광역시,동구,127.45974138378389,36.33281413335949
112,충남대학교 자연사박물관,대전광역시,유성구,127.3434754418117,36.3668444014141
113,대청댐 물문화회관,대전광역시,대덕구,127.48078303074894,36.471644396934224
114,여진불교미술관,대전광역시,유성구,127.40551316506946,36.40763907999851
115,옛터민속박물관,대전광역시,동구,127.4394294896544,36.21234188416107
116,대전선사박물관,대전광역시,유성구,127.32329243778881,36.37113273583129
117,일출랜드식물원,제주특별자치도,서귀포시,126.84117572932897,33.38029053478231
118,소인국테마파크전시관,제주특별자치도,서귀포시,126.3218175531125,33.28762100302718
119,닥종이인형박물관,제주특별자치도,서귀포시,126.5081987703652,33.2436910131759
120,제주아이스뮤지엄 종합전시관,제주특별자치도,제주시,126.48755354921113,33.4678191269503
121,탐라신화공원,제주특별자치도,제주시,126.67642285839734,33.434008022256016
122,본태박물관,제주특별자치도,서귀포시,126.39169740759174,33.30105521105574
123,에코랜드,제주특별자치도,제주시,126.67147348028995,33.44544027194873
124,넥슨컴퓨터박물관,제주특별자치도,제주시,126.48472630488816,33.469262983548326
125,제주항공우주박물관,제주특별자치도,서귀포시,126.29830066719775,33.29992864285752
126,한울랜드뮤지엄,제주특별자치도,제주시,126.746918,33.4850915
127,헬로키티아일랜드,제주특별자치도,서귀포시,126.35128796410854,33.287316226960264
128,세계오지민속박물관,제주특별자치도,서귀포시,126.84004217665158,33.41283493003279
129,아프리카박물관,제주특별자치도,서귀포시,126.42822874682662,33.23708383410998
130,제주커피박물관 바움,제주특별자치도,서귀포시,126.89818470043052,33.43707196395357
131,세계술박물관,제주특별자치도,서귀포시,126.81684630142388,33.351172656198635
132,레오나르도 다빈치 과학박물관,제주특별자치도,서귀포시,126.38543022202134,33.31616297058348
133,토이파크뮤지엄,제주특별자치도,서귀포시,126.34487301842222,33.31622147871354
134,산악박물관,제주특별자치도,제주시,126.54978181032938,33.419164837061956
135,러브랜드미술관,제주특별자치도,제주시,126.48927675295626,33.44895948713787
136,돌하르방미술관,제주특별자치도,제주시,126.6878509279848,33.53607108024679
137,루나폴,제주특별자치도,서귀포시,126.32171414692333,33.254739048010805
138,한림공원,제주특별자치도,제주시,126.23862447068991,33.38553605835444
139,제주 유리의 성,제주특별자치도,제주시,126.2731217152879,33.311771612699026
140,제주유리박물관,제주특별자치도,서귀포시,126.36913784554324,33.27559098597037
141,세계조가비박물관,제주특별자치도,서귀포시,126.55087357145014,33.24476233432583
142,제주 공룡랜드 전시관,제주특별자치도,제주시,126.43185147915368,33.43858490737931
143,생각하는 정원,제주특별자치도,제주시,126.25462168549491,33.322843249944796
144,파파월드,제주특별자치도,제주시,126.39249556775452,33.409283232584045
145,"숨,도",제주특별자치도,서귀포시,126.53558481434087,33.24780125594973
146,세계자동차&피아노박물관,제주특별자치도,서귀포시,126.34911492069887,33.280437146511574
147,제주테디베어뮤지엄,제주특별자치도,서귀포시,126.41135119006256,33.24720617833473
148,여미지식물원,제주특별자치도,서귀포시,126.41418927435473,33.25040024887117
149,신영영화박물관,제주특별자치도,서귀포시,126.70370432354724,33.271682663746866
150,조안베어뮤지엄,제주특별자치도,서귀포시,126.43322895192682,33.23749653799212
151,제주민속촌,제주특별자치도,서귀포시,126.84100036074608,33.319732963880405
152,제주건강과 성박물관,제주특별자치도,서귀포시,126.34476109071255,33.25195035976043
153,제주허브동산,제주특별자치도,서귀포시,126.81486633766866,33.32642701851151
154,테지움사파리,제주특별자치도,제주시,126.39294508752181,33.40911370389235
155,휴애리,제주특별자치도,서귀포시,126.63535285966105,33.3069329972531
156,세계미니어처 전시관,제주특별자치도,제주시,126.67358458682315,33.43066591197567
157,제주옹기박물관,제주특별자치도,서귀포시,126.28084783249935,33.27251634190374
158,초콜릿 박물관,제주특별자치도,서귀포시,126.2290003401789,33.25445334754634
159,방림원,제주특별자치도,제주시,126.26774028285966,33.33437207399243
160,제주평화박물관,제주특별자치도,제주시,126.24854850559585,33.30271348766117
161,테마공원 선녀와 나무꾼,제주특별자치도,제주시,126.7026610870251,33.47623515212756
162,메이즈뮤지움,제주특별자치도,제주시,126.80006437567552,33.48547810062857
163,sos박물관,제주특별자치도,서귀포시,126.5081987703652,33.2436910131759
164,박물관은살아있다,제주특별자치도,서귀포시,126.40983,33.2549074
165,그리스신화박물관,제주특별자치도,제주시,126.35591941616642,33.34523571633765
166,왈종미술관,제주특별자치도,서귀포시,126.57289003215942,33.242423994395146
167,아라리오 뮤지엄 탑동 시네마,제주특별자치도,제주시,126.52259108358881,33.514659729906334
168,김영갑갤러리두모악,제주특별자치도,서귀포시,126.8535579807798,33.36915600974097
169,유민미술관,제주특별자치도,서귀포시,126.93141734152643,33.42632071979831
170,제주옹기숨미술관,제주특별자치도,제주시,126.47963980600176,33.44654213298899
171,대전시립박물관,대전광역시,유성구,127.3339068043678,36.333230289258076
172,성안미술관,제주특별자치도,제주시,126.5413616238441,33.47834582930855
173,카멜리아 힐,제주특별자치도,서귀포시,126.36900040059905,33.28700768050138
174,부천교육박물관,경기도,부천시,126.79815291631137,37.500376783561066
175,부천유럽자기박물관,경기도,부천시,126.79815291631137,37.500376783561066
176,부천활박물관,경기도,부천시,126.79815291631137,37.500376783561066
177,부천옹기박물관,경기도,부천시,126.80196326740514,37.50991110674558
178,박인환문학관,강원도,인제군,128.17076398800594,38.06011329051371
179,강릉선교장박물관,강원도,강릉시,128.88428035266844,37.78377779931835
180,참소리축음기박물관,강원도,강릉시,128.89656693170008,37.79493817686112
181,대관령박물관,강원도,강릉시,128.80323263558014,37.7140733794727
182,치악산 고판화박물관,강원도,원주시,128.127946435782,37.254269995116324
183,동강사진박물관,강원도,영월군,128.46061106779538,37.17926878093708
184,속초시립박물관,강원도,속초시,128.53879184972095,38.19816762232715
185,오산리선사유적박물관,강원도,양양군,128.65969844687405,38.083370253679405
186,조선민화박물관,강원도,영월군,128.6060110090131,37.093648600891505
187,영월아프리카미술박물관,강원도,영월군,128.53437394628997,37.129092598753736
188,호안다구박물관,강원도,영월군,128.67600164551857,37.102960348674515
189,강릉자수박물관,강원도,강릉시,128.87942343805153,37.77530765448297
190,피노키오박물관,강원도,강릉시,129.00906245711383,37.70374971536552
191,디자인씽킹뮤지엄,강원도,강릉시,128.8733545979143,37.726295640010896
192,사립강원종합박물관,강원도,삼척시,129.0852892355951,37.348329559037126
193,홍천박물관,강원도,홍천군,127.87081187594,37.67830205124904
194,마리소리골악기박물관,강원도,홍천군,128.25013188358298,37.735184434397105
195,국립산악박물관,강원도,속초시,128.54029993520058,38.19991003074202
196,대전아쿠아리움,대전광역시,중구,127.41989349208585,36.30715953172503
197,배재대학교박물관,대전광역시,서구,127.36549779030005,36.317931698989064
198,대전광역시립미술관,대전광역시,서구,127.38698156281748,36.365169507587545
199,남철미술관,대전광역시,서구,127.37525130788748,36.33616967788779
200,성암미술관,대전광역시,유성구,127.34808967324238,36.350931388118305
201,대전광역시 이응노미술관,대전광역시,서구,127.38698156281748,36.365169507587545
202,여진불교미술관,대전광역시,유성구,127.40551316506946,36.40763907999851
203,고양가와지볍씨박물관,경기도,고양시,126.86907101196327,37.64677602832777
204,한서대학교 박물관,충청남도,서산시,126.58333846901124,36.68841184136751
205,정선507 미술관,강원도,정선군,128.62534214585267,37.35841033472539
206,바우지움 조각 미술관,강원도,고성군,128.515104,38.2123479
207,강릉시립미술관,강원도,강릉시,128.8902616912351,37.75769963569243
208,우주미술관,경상남도,사천시,128.08230221632266,35.07089730480456
209,정림사지박물관,충청남도,부여군,126.91508953938937,36.275637610675155
210,기지시줄다리기박물관,충청남도,당진시,126.69400598269297,36.89290731469948
211,안면도쥬라기박물관,충청남도,태안군,126.3097940676802,36.60679528045513
212,한국도량형박물관,충청남도,당진시,126.67594808295821,36.89000063116747
213,영인산산림박물관,충청남도,아산시,126.94073959780194,36.84056340501021
214,동산박물관,충청남도,공주시,127.23137308140183,36.39984848482567
215,동산박물관,충청남도,공주시,127.23137308140183,36.39984848482567
216,얼음골 축음기 소리박물관,경상남도,밀양시,128.9344081488353,35.595410740092895
217,하동야생차 박물관,경상남도,하동군,127.64182558713084,35.223633054537714
218,남해유배문학관,경상남도,남해군,127.89906754160977,34.829566206942765
219,부산광역시립박물관,부산광역시,남구,129.0929189671205,35.126799714431726
220,복천박물관,부산광역시,동래구,129.08959722082454,35.203817181381574
221,부산포민속박물관,부산광역시,부산진구,129.05948300979748,35.152684898062624
222,범어사 성보박물관,부산광역시,금정구,129.06777988581112,35.28144829841565
223,킴스아트필드미술관,부산광역시,금정구,129.0534886899765,35.2495928498451
224,오륜대 한국순교자기념관,부산광역시,금정구,129.1003754792853,35.243320034026716
225,동아대학교박물관,부산광역시,서구,129.01846972755837,35.10157545304624
226,임시수도기념관,부산광역시,서구,129.01645248725416,35.10057242961609
227,부산해양자연사박물관,부산광역시,동래구,129.07496139803098,35.219119514830346
228,한국기독교선교박물관,부산광역시,동래구,129.0871701811266,35.20406456524165
229,DOT미술관,부산광역시,금정구,129.0759011507577,35.226108164401786
230,부산현대미술관,부산광역시,사하구,128.94223984717325,35.10673440519193
231,한광미술관,부산광역시,중구,129.03655920303984,35.10618307795449
232,경성대학교미술관,부산광역시,남구,129.10535079772535,35.13616042828951
233,부산영화체험박물관,부산광역시,중구,129.0327496536869,35.09914630179771
234,유엔평화기념관,부산광역시,남구,129.093272,35.1247744
235,동의대학교 박물관,부산광역시,부산진구,129.03266943239876,35.13872898784498
236,경성대학교 박물관,부산광역시,남구,129.10535079772535,35.13616042828951
237,부산대학교 박물관,부산광역시,금정구,129.07951315847487,35.23068353951028
238,신라대학교 박물관,부산광역시,사상구,128.9969135461559,35.169217840601085
239,이주홍문학관,부산광역시,동래구,129.0758682331662,35.21265814267331
240,요산김정한문학관,부산광역시,금정구,129.08499175713712,35.269626039712435
241,추리문학관,부산광역시,해운대구,129.18242848845085,35.1589167915619
242,고은사진미술관,부산광역시,해운대구,129.15950125747477,35.15724532910601
243,석당미술관,부산광역시,서구,129.01846972755837,35.10157545304624
244,나절로미술관,전라남도,진도군,126.21767040618404,34.37992239992603
245,순천시기독교역사박물관,전라남도,순천시,127.47933954063271,34.95768579505693
246,시흥오이도박물관,경기도,시흥시,126.68968306842345,37.33215692991364
247,안다미로 귀때박물관,경상북도,칠곡군,128.3833970305722,35.981076326700105
248,KAIST비전관,대전광역시,유성구,127.36308925166486,36.36609879355315
249,한강뮤지엄,경기도,남양주시,127.2359090037483,37.55066744589965
250,산속등대미술관,전라북도,완주군,127.25206761144848,35.866915874415554
251,양주시립민복진미술관,경기도,양주시,126.94863059318291,37.72832073415286
252,이함미술관,경기도,양평군,127.42499012816353,37.499238835384624
253,보령박물관,충청남도,보령시,126.5897563328701,36.347800740956494
254,아산정린박물관,충청남도,아산시,127.11703122558397,36.76967510424723
255,도계민화미술박물관,충청남도,천안시,127.17172503465358,36.790377037748506
256,수덕사근역성보관,충청남도,예산군,126.62176354902863,36.66026222390951
257,도계민화박물관,충청남도,천안시,127.1714415384146,36.7900019711915
258,한국자연사박물관,충청남도,공주시,127.24522562834552,36.3635512189815
259,한국토종씨앗박물관,충청남도,예산군,126.87761546738483,36.663551946806216
260,온양민속박물관,충청남도,아산시,127.00615384457039,36.78949083576189
261,천안박물관,충청남도,천안시,127.16206588971478,36.784265340383165
262,천안흥타령관,충청남도,천안시,127.16462355631967,36.78232071825058
263,유관순열사기념관,충청남도,천안시,127.30675873564998,36.75634951050862
264,유류피해극복기념관,충청남도,태안군,126.14729780070567,36.78994063245732
265,서천이하복고택전시관,충청남도,서천군,126.75857422008916,36.07815477103375
266,리각 미술관,충청남도,천안시,127.19073551821604,36.82127733156049
267,아미미술관,충청남도,당진시,126.67958159099493,36.85902811415246
268,수덕사 선미술관,충청남도,예산군,126.62176354902863,36.66026222390951
269,임립미술관,충청남도,공주시,127.140586,36.3964516
270,고암이응노생가기념관,충청남도,홍성군,126.63123680442949,36.61988544587352
271,천안시립미술관,충청남도,천안시,127.22535939032517,36.753340004316875
272,당림미술관,충청남도,아산시,127.0170742702171,36.740173358002274
273,모산조형미술관,충청남도,보령시,126.65541572096193,36.30673587354877
274,공주민속극박물관,충청남도,공주시,127.14737701802238,36.499473517923114
275,한국고건축박물관,충청남도,예산군,126.61003321278692,36.629925792413054
276,백제역사문화관,충청남도,부여군,126.89790421931131,36.30227641918232
277,한국식기박물관,충청남도,홍성군,126.7417805304997,36.49140621663426
278,충청남도 역사박물관,충청남도,공주시,127.12628142403484,36.45085390278649
279,홍주성역사관,충청남도,홍성군,126.65964704658803,36.59743821198919
280,충북대학교박물관,충청북도,청주시,127.45840371571636,36.625643010440264
281,한국잠사박물관,충청북도,청주시,127.38145249682071,36.63583682568876
282,한국교원대학교 교육박물관,충청북도,청주시,127.36510486152547,36.6033827531456
283,충주세계무술박물관,충청북도,충주시,127.907751,36.9884357
284,증평민속체험박물관,충청북도,증평군,127.59487573839306,36.76130615240222
285,운보미술관,충청북도,청원군,127.5641211109507,36.68944427732568
286,신미술관,충청북도,청주시,127.47491112853798,36.63501318471134
287,스페이스몸 미술관,충청북도,청주시,127.43200717110504,36.624022577038936
288,청주시립대청호미술관,충청북도,청주시,127.49180033729758,36.50601609659135
289,우민아트센터,충청북도,청주시,127.48828365603208,36.641774060023565
290,쉐마미술관,충청북도,청주시,127.49913025738067,36.69226707114353
291,청주시한국공예관,충청북도,청주시,127.48943696369577,36.653215189798296
292,진천군립생거판화미술관,충청북도,진천군,127.41403748563283,36.86804372692074
293,청주시립미술관,충청북도,청주시,127.47758515187031,36.63199131031225
294,철박물관,충청북도,음성군,127.64941695996545,37.08776917024944
295,지적박물관,충청북도,제천시,128.19689932208692,37.07336597326943
296,청주고인쇄박물관,충청북도,청주시,127.47128765312506,36.64161861372144
297,청주백제유물전시관,충청북도,청주시,127.46855956132539,36.64945778675375
298,충주박물관,충청북도,충주시,127.86444278433733,37.01371347002524
299,난계국악박물관,충청북도,영동군,127.70378072859285,36.207630216155394
300,진천종박물관,충청북도,진천군,127.41310456616435,36.86818426312325
301,예뿌리 민속박물관,충청북도,청주시,127.59695279844912,36.58007040051933
302,동곡박물관,충청북도,영동군,127.77922051674228,36.17516156616793
303,가산박물관,충청북도,옥천군,127.62140113954459,36.401837588611066
304,중원대학교 박물관,충청북도,괴산군,127.7987812512528,36.8164940372551
305,조동리선사유적박물관,충청북도,충주시,127.96151460810914,37.02340582209925
306,세계술문화박물관,충청북도,충주시,127.86482926698804,37.01557602932524
307,불교천태중앙박물관,충청북도,단양군,128.48448337287195,37.04052488582663
308,한독의약박물관,충청북도,음성군,127.4637246488182,36.9681586478822
309,청주대학교박물관,충청북도,청주시,127.49298202669424,36.64964996815316
310,검단선사박물관,인천광역시,서구,126.69785317724154,37.59136577477534
311,혜명단청박물관,인천광역시,중구,126.62135519781665,37.46921310989059
312,한길눈박물관,인천광역시,부평구,126.72156677567531,37.49179431621767
313,국제성서박물관,인천광역시,미추홀구,126.67834992153773,37.456730363364045
314,강화역사박물관,인천광역시,강화군,126.43387176915518,37.77162222887474
315,녹청자박물관,인천광역시,서구,126.65557060137424,37.55530544478751
316,한국전통음식박물관,인천광역시,남동구,126.76629841653248,37.44770977235211
317,인천어린이과학관,인천광역시,남동구,126.70550344461901,37.45306615706715
318,개항박물관,인천광역시,중구,126.61972472351219,37.47052861297
319,수도국산달동네박물관,인천광역시,동구,126.63878216027693,37.4758430044576
320,소래역사관,인천광역시,남동구,126.73686470597883,37.39574776780028
321,한국근대문학관,인천광역시,중구,126.62032691431043,37.4698069673853
322,초연다구박물관,인천광역시,중구,126.62481301724011,37.46988943067803
323,인천학생6.25참전관,인천광역시,중구,126.62949509265648,37.47069011326978
324,송암미술관,인천광역시,미추홀구,126.654729,37.4394498
325,인천광역시 시립박물관,인천광역시,연수구,126.65235831285531,37.41776400398951
326,가천박물관,인천광역시,연수구,126.6568926565209,37.415558162848434
327,인천어린이박물관,인천광역시,미추홀구,126.69014590476024,37.433261047964855
328,인천시립박물관,인천광역시,연수구,126.65235831285531,37.41776400398951
329,인하대학교박물관,인천광역시,미추홀구,126.65268337147745,37.44718518295449
330,가천박물관,인천광역시,연수구,126.6568926565209,37.415558162848434
331,거제박물관,경상남도,거제시,128.68533607202147,34.89127548992666
332,통도사성보박물관,경상남도,양산시,129.06351167332096,35.48518065728045
333,의병박물관,경상남도,의령군,128.2586262783728,35.311925666757546
334,밀양시립박물관,경상남도,밀양시,128.75603729430253,35.48966565208196
335,갈촌탈박물관,경상남도,고성군,128.33370299576464,34.96878726594367
336,창녕박물관,경상남도,창녕군,128.5042413358193,35.54293334907985
337,미리벌민속박물관,경상남도,밀양시,128.67369852159706,35.416233914596226
338,아천 문화관,경상남도,남해군,127.841738,34.8065359
339,경상국립대학교박물관,경상남도,진주시,128.09712655777093,35.149181071549144
340,거제민속자료관,경상남도,거제시,128.6764758360425,34.94697964411709
341,남해향토역사관,경상남도,남해군,127.83334114676458,34.80760328661379
342,외도조경식물원,경상남도,거제시,128.7109361388079,34.76670309960661
343,해군사관학교 박물관,경상남도,진해시,128.65742835286798,35.14122966616482
344,표충사호국박물관,경상남도,밀양시,128.95971572445518,35.52981808895459
345,해인사성보박물관,경상남도,합천군,128.09717026273802,35.79842762488632
346,항공우주박물관,경상남도,사천시,128.06411824911115,35.07463919493973
347,대성동고분박물관,경상남도,김해시,128.87288443996215,35.23462994517879
348,함안박물관,경상남도,함안군,128.4020172781345,35.26640313366476
349,합천박물관,경상남도,합천군,128.28155803478157,35.57741955301096
350,고성공룡박물관,경상남도,고성군,128.14782424809312,34.90463709203386
351,경남대학교박물관,경상남도,마산시,128.555112,35.1843405
352,해금강 테마박물관,경상남도,거제시,128.6618102940402,34.737398017647045
353,김해한림박물관,경상남도,김해시,128.79371514147158,35.29159747823229
354,더리미미술관,인천광역시,강화군,126.50709595353162,37.72210922486788
355,전원미술관,인천광역시,강화군,126.45701026600554,37.764547949995226
356,인천아트플랫폼,인천광역시,중구,126.61982631411487,37.47007633752553
357,해든뮤지움,인천광역시,강화군,126.50978746532068,37.61155892030773
358,일준부채박물관,경상남도,의령군,128.2381484380767,35.348062379957206
359,인하대학교박물관,인천광역시,미추홀구,126.65268337147745,37.44718518295449
360,옥토끼우주센터,인천광역시,강화군,126.48634616083979,37.672087400284006
361,범패민속문화박물관(Beompae Folk Culture Museum),인천광역시,미추홀구,126.65044211934455,37.46201134336266
362,한국이민사박물관,인천광역시,중구,126.59795813633967,37.467612163844365
363,애보박물관,인천광역시,남동구,126.76629841653248,37.44770977235211
364,한국선교역사기념관,인천광역시,부평구,126.73014818715825,37.5188998460884
365,양산동굴공룡박물관,경상남도,양산시,129.07007995051669,35.32180301009451
366,산청한의학박물관,경상남도,산청군,127.8266264091132,35.436563191056244
367,창원대학교 박물관,경상남도,창원시,128.6912193060679,35.244025226573214
368,인제대학교 박물관,경상남도,김해시,128.90031505321937,35.24761075362989
369,거제어촌민속전시관,경상남도,거제시,128.7017723027573,34.82991879080753
370,경상남도 산림박물관,경상남도,진주시,128.29650549338413,35.15909390911936
371,진주청동기문화박물관,경상남도,진주시,127.96115277007807,35.22109123977415
372,고성박물관,경상남도,고성군,128.31986238157236,34.97668731077853
373,장생도라지박물관,경상남도,진주시,128.1709248482018,35.134692422240484
374,영산정사 성보박물관,경상남도,밀양시,128.5839842110768,35.487717285236414
375,포로수용소유적박물관,경상남도,거제시,128.62380356691367,34.872821994269316
376,창원역사민속관,경상남도,창원시,128.6799145068367,35.24211543133136
377,양산시립박물관,경상남도,양산시,129.048382262217,35.355859910107014
378,통영시립박물관,경상남도,통영시,128.41570219627505,34.83796395844731
379,고성탈박물관,경상남도,고성군,128.33270147106126,34.96789045861481
380,진주교육대학교박물관,경상남도,진주시,128.0665812967464,35.18318408528843
381,합천한의학박물관,경상남도,합천군,128.10081811260596,35.53455478507491
382,함양박물관,경상남도,함양군,127.72159245331905,35.52172906301241
383,산청산골박물관,경상남도,산청군,127.97973899562957,35.366224333828065
384,장사도해상공원,경상남도,통영시,128.55885814350276,34.709222150394055
385,창녕 비봉리 패총전시관,경상남도,창녕군,128.64420873299778,35.407788890191206
386,옥천사성보박물관,경상남도,고성군,128.2615084512143,35.07751558314441
387,김해민속박물관,경상남도,김해시,128.87495020072566,35.232471780473126
388,산청박물관,경상남도,산청군,127.830933811422,35.48950419475841
389,진영문화의집,경상남도,김해시,128.73229278179403,35.30160151006799
390,안동문화의집,경상남도,김해시,128.9169243954176,35.2328942171528
391,진주어린이박물관,경상남도,진주시,128.0778679483248,35.178380436186245
392,토지주택박물관,경상남도,진주시,128.14510617650714,35.17533612518319
393,김해목재문화체험장,경상남도,김해시,128.80681898974893,35.177052377617194
394,박진전쟁기념관,경상남도,창녕군,128.3853494823582,35.44492037056336
395,마산시립문신미술관,경상남도,마산시,128.569276,35.2067699
396,통영옻칠미술관,경상남도,통영시,128.4421323685129,34.851967709820364
397,대산미술관,경상남도,창원시,128.7433524181444,35.34219210897735
398,클레이아크김해미술관,경상남도,김해시,128.74409552993504,35.247698435785004
399,김해문화의 전당 윤슬미술관,경상남도,김해시,128.8690379400276,35.24087865337747
400,뮤지엄 남해,경상남도,남해군,128.040752,34.8702116
401,전혁림미술관,경상남도,통영시,128.41431507716285,34.82377242225749
402,경남도립미술관,경상남도,창원시,128.68995938119562,35.23722667850068
403,거창박물관,경상남도,거창군,127.90959540430293,35.67114248309877
404,대구향토역사관,대구광역시,중구,128.57682731070489,35.87109140135853
405,마산시립박물관,경상남도,창원시,128.5682877006526,35.202832054622206
406,삼성화재교통박물관,경기도,용인시,127.21714711917863,37.29753175643428
407,부평역사박물관,인천광역시,부평구,126.73708662595459,37.50958980816276
408,배다골민속박물관,경기도,고양시,126.84685240738838,37.628297704530254
409,록봉민속교육박물관,부산광역시,강서구,128.81225954016153,35.02863467163981
410,상주자전거박물관,경상북도,상주시,128.253629416955,36.45161603197993
411,인삼박물관,경상북도,영주시,128.47912005229557,36.883215765264524
412,군산대학교박물관,전라북도,군산시,126.68072469555995,35.94426161603541
413,휘목미술관,전라북도,부안군,126.56279260512343,35.591693568284576
414,예아리박물관,경기도,용인시,127.36290266220843,37.138809367197474
415,우양미술관,경상북도,경주시,129.28504187553253,35.83793403897924
416,여명카메라박물관,전라북도,전주시,127.15286048024683,35.81337351561662
417,목암미술관,경기도,고양시,126.92104026091015,37.71561663716171
418,남양주역사박물관,경기도,남양주시,127.2436731122653,37.54359163873021
419,목아박물관,경기도,여주시,127.68711377378678,37.28551264172887
420,바탕골미술관,경기도,양평군,127.3962399654498,37.48590924864463
421,청우요 도자기박물관,전라남도,강진군,126.80092299707647,34.50385866911794
422,진주익룡발자국전시관,경상남도,진주시,128.1391837232404,35.169181415449536
423,Art Rin Museum,경기도,파주시,126.91565051191844,37.77115235916517
424,종자와 시인박물관,경기도,연천군,127.10916998534854,38.06144631536806
425,장수미술관,전라북도,장수군,127.59164238006916,35.67363731789585
426,김택화미술관,제주특별자치도,제주시,126.65242618849645,33.540955752007335
427,미래엔교과서박물관,세종특별자치시,연동면,127.3342366241892,36.547030289437124
428,세종전통장류박물관,세종특별자치시,전동면,127.25857746353317,36.67196902136936
429,충청남도 산림박물관,세종특별자치시,금남면,127.24233943066216,36.43520201809716
430,세종시립민속박물관,세종특별자치시,전의면,127.16967191325679,36.605907228863124
431,한국여인생활사박물관,세종특별자치시,조치원읍,127.28654151755903,36.62706171639456
432,정읍시립미술관,전라북도,정읍시,126.86080439737351,35.549589653676335
433,영월지오뮤지엄,강원도,영월군,128.4310552856992,37.249988272497355
434,훈데르트바서파크,제주특별자치도,제주시,126.955792,33.4931705
435,청양군 백제문황체험박물관,충청남도,청양군,126.8448180515836,36.40289392331262
436,금산역사문화박물관,충청남도,금산군,127.49161610141755,36.111327715252294
437,부여생활사박물관,충청남도,부여군,126.91652255411724,36.30376038775694
438,농민문학기념관,충청북도,영동군,127.92912130578615,36.18603418610094
439,한국교통대학교 박물관,충청북도,충주시,127.87094976829918,36.967076388371126
440,우제길미술관,광주광역시,동구,126.94224180165547,35.12901696596752
441,의재미술관,광주광역시,동구,126.9666051016186,35.12637645417303
442,명칭,광주광역시,남구,126.907241,35.1444619
443,광주시립민속박물관,광주광역시,북구,126.88770970746472,35.18051435405469
444,전남대학교박물관,광주광역시,북구,126.90496338324017,35.17345612285443
445,한국미용박물관,광주광역시,북구,126.90863983253709,35.169661100209346
446,비움박물관,광주광역시,동구,126.91949160587612,35.14765287116938
447,무등현대미술관,광주광역시,동구,126.95291343316893,35.13140818499082
448,국윤미술관,광주광역시,동구,126.9357082880979,35.12911842968415
449,은암미술관,광주광역시,동구,126.91983636875533,35.14725781766657
450,시화문화마을 금봉미술관,광주광역시,북구,126.93987741455592,35.17652394115714
451,주안미술관,광주광역시,동구,126.91479707269552,35.15056495823677
452,소암미술관,광주광역시,남구,126.90620917667624,35.14099957673708
453,진한미술관,광주광역시,동구,126.91620531419878,35.14701522319939
454,드영미술관,광주광역시,동구,126.95255348402019,35.13156701202732
455,광주광역시 남구 이강하미술관,광주광역시,남구,126.9148664899101,35.13411715732419
456,소다미술관,경기도,화성시,127.00521073280733,37.199020823250656
457,소다미술관,경기도,화성시,127.00521073280733,37.199020823250656
458,한탄강 세계지질공원센터,경기도,포천시,127.22411944756946,38.07033504001197
459,증권박물관(부산관),부산광역시,남구,129.0645695154881,35.14549920053938
460,남가람박물관,경상남도,진주시,128.05411969399393,35.1498319165643
461,청솔수석박물관,경상북도,김천시,128.2237339473159,36.129559845600525
462,나주복암리고분전시관,전라남도,나주시,126.65512372429154,34.99308473354606
463,여주미술관,경기도,여주시,127.63607231776409,37.26207385696625
464,화성시 역사박물관,경기도,화성시,126.928235894079,37.130702608551616
465,성호박물관,경기도,안산시,126.86278387925265,37.33435066915973
466,여주박물관,경기도,여주시,127.65260510092673,37.2969020139666
467,방촌유물전시관,전라남도,장흥군,126.94225759401982,34.548282545801214
468,장흥동학농민혁명기념관,전라남도,장흥군,126.89454302532889,34.66626094833897
469,한국궁중꽃박물관,경상남도,양산시,129.17495299895546,35.36393306609133
470,박물관 휴르,대구광역시,수성구,128.63234060671454,35.863427085897534
471,태곳미술관,전라남도,화순군,126.96727756256278,35.034783704436215
472,C ART MUSEUM,경기도,양평군,127.73694281332621,37.39273506280578
473,광주교육대학교박물관,광주광역시,북구,126.90496338324017,35.17345612285443
474,우리삶문화옥당박물관,전라남도,영광군,126.40206355070751,35.35784707681566
475,송광사성보박물관,전라남도,순천시,127.27497825999446,34.9994759627079
476,송광사성보박물관,전라남도,순천시,127.27497825999446,34.9994759627079
477,나절로미술관,전라남도,진도군,126.21767040618404,34.37992239992603
478,갓바위미술관,전라남도,목포시,126.38435106538844,34.78745044207365
479,진도현대미술관,전라남도,진도군,126.259305,34.4848498
480,설문대여성문화센터 여성역사문화전시관,제주특별자치도,제주시,126.49968616782377,33.481630055336716
481,서귀포감귤박물관,제주특별자치도,서귀포시,126.60686371123808,33.26850378046012
482,(주)타임파크,제주특별자치도,제주시,126.25810323433578,33.321342877720866
483,오백년이야기,제주특별자치도,서귀포시,126.88400869502533,33.414075136505936
484,이랜드 뮤지엄,제주특별자치도,제주시,126.27374743006726,33.43268116005789
485,제주교육박물관,제주특별자치도,제주시,126.53722829960891,33.491734025523805
486,제주세계자연유산센터 세계유산전시관,제주특별자치도,제주시,126.7134934775838,33.45422061166651
487,피규어뮤지엄제주,제주특별자치도,서귀포시,126.35467948591408,33.27913085597487
488,제주해양동물박물관,제주특별자치도,서귀포시,126.85473222767178,33.42688527556955
489,포토갤러리자연사랑 미술관,제주특별자치도,서귀포시,126.7708423735671,33.35230502718332
490,우산미술관,제주특별자치도,제주시,126.7443963474772,33.42227485107773
491,제주도립미술관,제주특별자치도,제주시,126.48882453280352,33.44982104516136
492,제주추사관,제주특별자치도,서귀포시,126.27748703961294,33.24738928472738
493,제주도립 김창열미술관,제주특별자치도,제주시,126.26795376310156,33.33633427339669
494,김해분청도자박물관,경상남도,김해시,128.7450235469548,35.248780036363854
495,김천시립박물관,경상북도,김천시,128.00714056309113,36.11455030338296
496,영암곤충박물관,전라남도,영암군,126.68382261989143,34.787893818577544
497,근현대사미술관담다,경기도,용인시,127.14564351460683,37.271989392589845
498,일제강점기 군산역사관,전라북도,군산시,126.73606917902389,35.96481360965933
499,저녁노을미술관,전라남도,신안군,126.249859,34.8444869
500,보현박물관,경상남도,밀양시,128.92673985011712,35.484063271342094
501,여주시 미술관 아트뮤지엄 려,경기도,여주시,127.60882605447809,37.23630853636676
502,서해미술관,충청남도,서산시,126.3763312982216,36.63586018379724
503,공주기독교박물관,충청남도,공주시,127.12198152240522,36.448191741596645
504,한국전통창조박물관,경상북도,의성군,128.4060884749943,36.387368618068216
505,한국광고영상박물관,경상북도,경주시,129.2767712561438,35.7850612727106
506,용문사성보유물관,경상북도,예천군,128.36866897337742,36.728639443279256
507,소수박물관,경상북도,영주시,128.58151755313338,36.92307091717192
508,한국국학진흥원유교문화박물관,경상북도,안동시,128.8101085459474,36.6993044093899
509,대구대학교 중앙박물관,경상북도,경산시,128.84695343632984,35.89968603892986
510,바니베어뮤지엄,경상북도,경주시,129.27446554262693,35.849555756193254
511,부석사성보박물관,경상북도,영주시,128.68593558997654,36.99429206301722
512,옛길박물관,경상북도,문경시,128.07546304711124,36.7603365439277
513,은해사성보박물관,경상북도,영천시,128.78881892741524,35.989075440793236
514,포항바다화석박물관,경상북도,포항시,129.56555608243207,36.07380336517304
515,경상북도독립운동기념관,경상북도,안동시,128.85732558121742,36.530756261750305
516,청도박물관,경상북도,청도군,128.68572220672945,35.69125580542054
517,의성조문국박물관,경상북도,의성군,128.6683270541279,36.273787341853165
518,경산공룡박물관,경상북도,경산시,128.80360858952073,35.79287896513728
519,경주버드파크,경상북도,경주시,129.26205082132057,35.84720841454873
520,경주한국대중음악박물관,경상북도,경주시,129.28847803375288,35.837203744137454
521,잉카마야박물관,경상북도,문경시,128.02414462342767,36.60862715141666
522,하회세계탈박물관,경상북도,안동시,128.52679524347522,36.54603289416621
523,신풍미술관,경상북도,예천군,128.4358830662065,36.53711087271608
524,김천시립미술관,경상북도,김천시,128.11901030982787,36.114196337873985
525,대구가톨릭대학교 김종복미술관,경상북도,경산시,128.81206319160881,35.911737015586574
526,알천미술관,경상북도,경주시,129.2053983094243,35.85953400665407
527,포항시립미술관,경상북도,포항시,129.39072538444958,36.0634899779464
528,영남대학교박물관,경상북도,경산시,128.7523548892219,35.830245325699025
529,경북대학교자연사박물관,경상북도,군위군,128.5759263032857,36.11856608639935
530,경북과학대학교박물관,경상북도,칠곡군,128.3380870180355,35.9906694788375
531,보경사성보박물관,경상북도,포항시,129.3053107236992,36.2603654168678
532,영담한지미술관,경상북도,청도군,128.94772654268843,35.701781860610254
533,경주대박물관,경상북도,경주시,129.1612310739529,35.82694400160769
534,안동대학교박물관,경상북도,안동시,128.79606145428522,36.53918880457084
535,대구한의대학교박물관,경상북도,경산시,128.77486360910518,35.793948798110755
536,영남대학교자연박물관,경상북도,경산시,128.7523548892219,35.830245325699025
537,대구가톨릭대학교역사박물관,경상북도,경산시,128.807586,35.909147
538,호당미술관,경상북도,영천시,128.888089542957,35.990596320873514
539,시안미술관,경상북도,영천시,128.8884611918136,36.02954379442423
540,향암미술관,경상북도,울진군,129.35362808923662,36.715473880290006
541,조선대학교미술관,광주광역시,동구,126.93340938149368,35.13959379482895
542,경주솔거미술관,경상북도,경주시,129.28840581477718,35.83023472702464
543,파파월드,제주특별자치도,제주시,126.39249556775452,33.409283232584045
544,보석 앤 화석박물관,제주특별자치도,서귀포시,126.84293675197323,33.34101632803313
545,제주화석박물관,제주특별자치도,서귀포시,126.84293675197323,33.34101632803313
546,테마공원 선녀와 나무꾼,제주특별자치도,제주시,126.7026610870251,33.47623515212756
547,트릭아트뮤지엄,제주특별자치도,서귀포시,126.784289855648,33.396366024034066
548,제주 4. 3 평화기념관,제주특별자치도,제주시,126.61782805964286,33.44830648411791
549,제주돌문화공원,제주특별자치도,제주시,126.65287554962735,33.43880882784962
550,비엘바이크파크,제주특별자치도,서귀포시,126.79412401199342,33.34243933543839
551,다희연 티 뮤지엄,제주특별자치도,제주시,126.70533024751518,33.48428201485332
552,(주)제주해양과학관,제주특별자치도,서귀포시,126.92607114506765,33.43069292593128
553,경주세계자동차박물관,경상북도,경주시,129.268547,35.85213
554,장천 꽃 박물관,경기도,고양시,126.823615628575,37.64898924682204
555,고양 로봇박물관,경기도,고양시,126.85418561093759,37.68655647954233
556,석오이동녕기념관,충청남도,천안시,127.23805767597939,36.7876559898324
557,윤봉길의사기념관,충청남도,예산군,126.65099657098031,36.683718826107615
558,공세리성지성당 박물관,충청남도,아산시,126.91275959835049,36.88024902382998
559,디자인코리아뮤지엄,경기도,성남시,127.12265222666812,37.410424011816886
560,콩세유미술관,경기도,파주시,126.87816040785886,37.736237273282555
561,박정희대통령역사자료관,경상북도,구미시,128.34800396776842,36.088041543247684
562,왕조실록·의궤박물관,강원도,평창군,128.60182187052666,37.715771237181336
563,책과인쇄박물관,강원도,춘천시,127.72394208601264,37.81665411852824
564,비엔나인형박물관,강원도,평창군,128.66334578756516,37.65986588100666
565,강아지숲 박물관,강원도,춘천시,127.70937339516942,37.75676110095627
566,붓이야기 박물관,강원도,춘천시,127.69184926761999,37.89381451908862
567,박경리 뮤지엄,강원도,원주시,127.91097754009513,37.25441120334261
568,장길환미술관,강원도,강릉시,128.94234265622595,37.771559285044944
569,고불맹사성기념관,충청남도,아산시,127.04068577094861,36.74502654688782
570,LX국토정보박물관,충청남도,공주시,127.057089,36.5283502
571,서해미술관,충청남도,서산시,126.3763312982216,36.63586018379724
572,아인미술관,전라남도,장성군,126.81641206837338,35.34140673089119
573,안성3·1운동기념관,경기도,안성시,127.175277,37.062773
574,약사동제방유적전시관,울산광역시,중구,129.33387977398178,35.573276917057385
575,울산시립미술관,울산광역시,중구,129.31978546979272,35.554928338087954
576,유동룡미술관,제주특별자치도,제주시,126.270845,33.3405867
577,여귀산미술관,전라남도,진도군,126.250565,34.3909843
578,연필뮤지엄,강원도,동해시,129.106263,37.5475027
579,남해탈공연박물관,경상남도,남해군,127.92644823081322,34.81470718063839
580,양평곤충박물관,경기도,양평군,127.449167,37.5091895
581,감문역사문화전시관,경상북도,김천시,128.19290121082284,36.164043963043746
582,시에그린 한국시화박물관,전라남도,진도군,126.24949770758208,34.38772861414766
583,김포시독립운동기념관,경기도,김포시,126.62843047248998,37.65030949298538
584,김포시독립운동기념관,경기도,김포시,126.62843047248998,37.65030949298538
585,호남호국기념관,전라남도,순천시,127.52046323140362,34.933147000821315
586,안동선비문화박물관,경상북도,안동시,128.5951604242266,36.5895808123006
587,포도뮤지엄,제주특별자치도,서귀포시,126.38543022202134,33.31616297058348
588,예깊미술관,전라북도,군산시,126.72281790179055,35.9725485386841
589,교동미술관,전라북도,전주시,127.15032004618486,35.81270777976072
590,익산예술의 전당 미술관,전라북도,익산시,126.98664969791933,35.948654186283434
591,이당미술관,전라북도,군산시,126.71038165379376,35.98569991823402
592,이천시립동요박물관,서울특별시,서대문구,127.4509277051374,37.27762436681356
593,벽봉한국장신구박물관,경기도,파주시,126.6992439330599,37.784869658180725
594,수원광교박물관,경기도,수원시,127.05039969378534,37.29368327112336
595,덕소자연사박물관,경기도,남양주시,127.2298151216414,37.576965585575365
596,신영숙콜렉션,경기도,용인시,127.08898015759475,37.27470697901557
597,조병화문학관,경기도,안성시,127.22092537518179,37.10925270620932
598,김중업박물관,경기도,안양시,126.918296,37.4183677
599,경기 도자박물관,경기도,광주시,127.3267810211371,37.348262040882055
600,설민민화박물관,경기도,용인시,127.27628372086755,37.18651993521055
601,유엔군 초전기념관,경기도,오산시,127.04848084161368,37.181599127941006
602,한길책박물관,경기도,파주시,126.69708500442701,37.78651989029272
603,세계민속악기박물관,경기도,파주시,126.69862698536174,37.78672168670562
604,세주묘엄박물관,경기도,수원시,127.03725858314387,37.28818870328085
605,신영숙 컬렉션,경기도,용인시,127.08898015759475,37.27470697901557
606,상주박물관,경상북도,상주시,128.23939281952082,36.4578783981371
607,문경석탄박물관,경상북도,문경시,128.06098670116327,36.65092673025807
608,경산시립박물관,경상북도,경산시,128.7619932181899,35.81147470085333
609,영양산촌박물관,경상북도,영양군,129.08340408227596,36.612056622256816
610,청송민속박물관,경상북도,청송군,129.08253465343356,36.387024201644074
611,대가야박물관,경상북도,고령군,128.25649057985407,35.719976701827136
612,청량산박물관,경상북도,봉화군,128.89299448155904,36.7853835505973
613,화폐박물관,경기도,파주시,126.69645921001852,37.78802826914053
614,피노지움,경기도,파주시,126.68678854924829,37.70616626080409
615,목아불교박물관,경기도,여주시,127.68711377378678,37.28551264172887
616,신구대학교 우촌박물관,경기도,성남시,127.16726168581856,37.44598353536739
617,(주)일산씨월드-한화 아쿠아플라넷 일산,경기도,고양시,126.75467545265396,37.66077233903805
618,돌석도예박물관,경기도,안양시,126.904576,37.3790279
619,마가미술관,경기도,용인시,127.1919286865453,37.32900408642079
620,보름산미술관,경기도,김포시,126.76014080124426,37.59352322414397
621,죽포미술관,경기도,여주시,127.44178668385511,37.407339921712435
622,소전미술관,경기도,시흥시,126.78547230588744,37.448439836771094
623,가일미술관,경기도,가평군,127.3787607753031,37.657603457075595
624,남송미술관,경기도,가평군,127.47129415995492,37.901773147806686
625,백영수미술관,경기도,의정부시,127.04367595490307,37.71093390621975
626,미호박물관,경기도,남양주시,127.17984260387892,37.589947013785334
627,판교박물관,경기도,성남시,127.09480198922854,37.39818749118467
628,판교박물관,경기도,성남시,127.09480198922854,37.39818749118467
629,부천수석박물관,경기도,부천시,126.799003,37.5025488
630,부천수석박물관,경기도,부천시,126.799003,37.5025488
631,만해기념관,경기도,광주시,127.18005770189086,37.474599861048404
632,고양 어린이박물관,경기도,고양시,126.82984082970957,37.62671209683886
633,세계인형박물관,경기도,파주시,126.70136820593547,37.78406912948237
634,세계인형박물관,경기도,파주시,126.70136820593547,37.78406912948237
635,한국탁본자료관,경기도,남양주시,127.22180536924185,37.577716427996045
636,양평아프리키문화예술박물관,경기도,양평군,127.61598531608095,37.50445306842955
637,이주대학교 도구박물관,경기도,수원시,127.04458323322442,37.2813409614021
638,경기북부어린이박물관,경기도,동두천시,127.0634210246129,37.94203850857585
639,외할머니의 부엌,경기도,김포시,126.53827737531135,37.64722462076244
640,여주시립 폰박물관,경기도,여주시,127.66558521630056,37.29079852936686
641,고양어린이박물관,경기도,고양시,126.82984082970957,37.62671209683886
642,한얼카메라유물관,경기도,여주시,127.60823595229367,37.39557976139431
643,한업산업디자인유물관,경기도,여주시,127.60823595229367,37.39557976139431
644,한얼산업디자인유물관,경기도,여주시,127.60823595229367,37.39557976139431
645,이풀실내정원,경기도,안산시,126.88850974879718,37.30789632099573
646,포천 역사문화관,경기도,포천시,127.19766525772108,37.88802570116914
647,몽양기념관,경기도,양평군,127.37297771890337,37.52773305777356
648,명성황후 기념관,경기도,여주시,127.65365098337392,37.25724189645733
649,제암리 3.1운동 순국기념관,경기도,화성시,126.89103736264755,37.123426502451835
650,양주시립 회암사지박물관,경기도,양주시,127.10196330095455,37.83842336186199
651,한얼고문서유물관,경기도,여주시,127.60823595229367,37.39557976139431
652,덕포진교육박물관,경기도,김포시,126.53805594722714,37.64796161944405
653,일본군위안부역사관,경기도,광주시,127.32089157783109,37.44022948581785
654,여성생활사박물관,경기도,여주시,127.70744413943062,37.24031733064354
655,부천로보파크전시관,경기도,부천시,126.76336689575703,37.51408819642762
656,창조자연사박물관,경기도,시흥시,126.78571619464431,37.43095760367836
657,용인시박물관,경기도,용인시,127.15315920619096,37.27095110263874
658,용인문화유적전시관,경기도,용인시,127.15315920619096,37.27095110263874
659,용인문화유적전시관,경기도,용인시,127.15315920619096,37.27095110263874
660,용인문화유적전시관,경기도,용인시,127.15315920619096,37.27095110263874
661,용인문화유적전시관,경기도,용인시,127.15315920619096,37.27095110263874
662,황순원문학관,경기도,양평군,127.37688693583735,37.59116265256342
663,이영미술관,경기도,용인시,127.08881687389929,37.274800606648284
664,사람박물관 얼굴,경기도,광주시,127.30132396977879,37.491222942578275
665,C Art Museum,경기도,양평군,127.728364,37.3920059
666,경기생활도자미술관,경기도,여주시,127.65624775572846,37.29803861600033
667,서호미술관,경기도,남양주시,127.35054066995615,37.630008161588066
668,이천시립 월전미술관,경기도,이천시,127.42331383161816,37.277424434318895
669,호암미술관,경기도,용인시,127.19079473505974,37.29077527540707
670,국제대학교 해강도자기미술관,경기도,이천시,127.400158,37.3129002
671,백남준 아트센터,경기도,용인시,127.10894382990998,37.26531997289122
672,어우재미술관,경기도,여주군,127.67489714533542,37.143919714545135
673,독도박물관,경상북도,울릉군,130.89742666805805,37.48365087758402
674,포스코역사박물관,경상북도,포항시,129.38625852141902,35.99452623989426
675,직지성보박물관,경상북도,김천시,128.00334517097926,36.11353234877918
676,불루메미술관,경기도,파주시,126.69582629722404,37.786571954298296
677,해움미술관,경기도,수원시,127.0141961572645,37.26951129777612
678,안동소주박물관,경상북도,안동시,128.7079341859511,36.546915861827216
679,동국대학교경주캠퍼스박물관,경상북도,경주시,129.19310088620304,35.86142008228163
680,엄미술관,경기도,화성시,126.9784584295565,37.20280805463621
681,현대어린이책미술관 MOKA,경기도,성남시,127.111235379089,37.39002414422624
682,미누현대미술관,경기도,성남시,127.14873536968095,37.44225095762779
683,김홍도미술관,경기도,안산시,126.85015583572113,37.31375087589971
684,신구대학교식물원 갤러리 우촌,경기도,성남시,127.080915,37.4335432
685,포마자동차디자인미술관,경기도,고양시,126.89565402684993,37.589033612701186
686,구하우스,경기도,양평군,127.35038963508738,37.60041175417469
687,성남아트센터 큐브미술관,경기도,성남시,127.13074095324858,37.39987138002257
688,맥아트미술관,경기도,안산시,126.60118879014665,37.217866005348895
689,유리섬미술관,경기도,안산시,126.60118879014665,37.217866005348895
690,KUMA 계원예술대학교 미술관,경기도,의왕시,126.97751263844421,37.37587600449657
691,안상철미술관,경기도,양주시,126.95620342181437,37.775639920995395
692,미메시스 아트 뮤지엄,경기도,파주시,126.68802389233319,37.714134139041505
693,DIMA아트센터,경기도,안성시,127.35798144665692,37.055878037451365
694,화이트블럭,경기도,파주시,126.69857846238091,37.786133180378016
695,모란미술관,경기도,남양주시,127.3233557754293,37.64786117860606
696,양주시립장욱진미술관,경기도,양주시,126.94731524734358,37.729506813240704
697,안젤리미술관,경기도,용인시,127.23067451215476,37.18164718022923
698,종이미술관,경기도,안산시,126.5755767626445,37.22170025221835
699,CICA미술관,경기도,김포시,126.59711820608709,37.60551629703268
700,수원시립아이파크미술관,경기도,수원시,127.01496661521712,37.27994686595777
701,오산시립미술관,경기도,오산시,127.07616266868317,37.15752021274348
702,설미재 미술관,경기도,가평군,127.48141629471267,37.658142782022935
703,일지미술관,경기도,가평군,127.34445435472028,37.82995662005823
704,정문규미술관,경기도,파주시,126.68735885028964,37.798340615615906
705,영은미술관,경기도,광주시,127.26788987204708,37.410847733414485
706,서호미술관,경기도,남양주시,127.35054066995615,37.630008161588066
707,보름산미술관,경기도,김포시,126.76014080124426,37.59352322414397
708,아람미술관,경기도,고양시,126.77386645772528,37.65877450600367
709,선바위미술관,경기도,과천시,126.99818701516554,37.449088484450314
710,한국미술관,경기도,용인시,127.13117399945472,37.306212428084194
711,닻미술관,경기도,광주시,127.27034360727008,37.37759834084125
712,독립기념관,충청남도,천안시,127.222648,36.7836726
713,백석대학교 기독교박물관,충청남도,천안시,127.18496937596692,36.83716443564506
714,김해 화포천습지 생태학습관,경상남도,김해시,128.7876828614761,35.30797940413832
715,불국사박물관,경상북도,경주시,129.33101997696713,35.787104802578945
716,한국조리박물관,경기도,안성시,127.48941296690153,37.088249455366835
717,영천역사박물관,경상북도,영천시,128.92997,36.0186159
718,MG새마을금고 역사관,경상남도,산청군,127.88072384206762,35.41716505816634
719,광주가톨릭박물관,광주광역시,서구,126.86820567085636,35.14747777422626
720,세계유교문화박물관,경상북도,안동시,128.84525531521473,36.69144353723164
721,예산보부상박물관,충청남도,예산군,126.651001,36.6910343
722,한국전통문화대학교박물관,충청남도,부여군,126.8961314504089,36.30512781196248
723,덕산세계인형박물관,충청남도,예산군,126.66219290909726,36.69010678947622
724,순성미술관,충청남도,당진시,126.71188205633256,36.8405102391452
725,전주전통술박물관,전라북도,전주시,127.15271121769794,35.81424483068884
726,전북대학교부속박물관,전라북도,전주시,127.12881036368306,35.845182617800454
727,예수병원의학박물관,전라북도,전주시,127.13439608639047,35.81153666461065
728,남원향토박물관,전라북도,남원시,127.386260512389,35.39894376122269
729,벽골제농경문화박물관,전라북도,김제시,126.85191686758272,35.75213423018866
730,부안원숭이학교 연사박물관,전라북도,부안군,126.67079863444627,35.665395500125044
731,원불교역사박물관,전라북도,익산시,126.95082231608295,35.969586578054674
732,전주한지박물관,전라북도,전주시,127.09779489466415,35.84586707307287
733,왕궁리유적전시관,전라북도,익산시,127.05530830660011,35.96900845622494
734,전주전통술박물관,전라북도,전주시,127.15271121769794,35.81424483068884
735,전주대학교박물관,전라북도,전주시,127.0875485961135,35.807919986391354
736,원광대학교박물관,전라북도,익산시,126.95082231608295,35.969586578054674
737,전주역사박물관,전라북도,전주시,127.0926003952715,35.79814582903846
738,동진수리민속박물관,전라북도,김제시,inf,inf
739,고창판소리박물관,전라북도,고창군,126.70198466278507,35.4297100106177
740,국립전주박물관,전라북도,전주시,127.08895452127986,35.798529931013995
741,순창장류박물관,전라북도,순창군,127.11016615224644,35.3671332299523
742,부안청자박물관,전라북도,부안군,126.65015379503791,35.608609902114395
743,무주곤충박물관,전라북도,무주군,127.75781448632628,36.006449005447536
744,진안군 가위박물관,전라북도,진안군,127.41417830005594,35.76315772861537
745,누벨백미술관,전라북도,전주시,127.10416373385242,35.815132503906476
746,완주책박물관,전라북도,완주군,127.06516360298787,35.90484187169812
747,금구원야외조각미술관,전라북도,부안군,126.48815210910729,35.61788967587201
748,벽천미술관,전라북도,김제시,126.85191686758272,35.75213423018866
749,전라북도도립미술관,전라북도,완주군,127.10623056438891,35.72527700736733
750,전주미술관,전라북도,전주시,127.15329867817735,35.81434500019911
751,진안역사박물관,전라북도,진안군,127.41693463360909,35.769566664561665
752,W미술관,전라북도,익산시,126.9878533579253,35.9500520582735
753,수지미술관,전라북도,남원시,127.34669986015801,35.32432679161876
754,미륵사지유물전시관,전라북도,익산시,127.02831326484667,36.01878193055118
755,익산시보석박물관,전라북도,익산시,127.11623648803233,36.01783206976416
756,카메라영상 박물관,전라북도,완주군,127.20574862743432,35.850239277050505
757,동학농민혁명기념관,전라북도,정읍시,126.82359236844574,35.62710537387765
758,전라북도산림박물관,전라북도,순창군,126.92043919271097,35.476358635113876
759,충간공 보물 제651호 박물관,전라북도,익산시,127.01533426269955,36.02333161721917
760,성보박물관,전라북도,고창군,126.56302748679224,35.49014494189954
761,칠곡호국평화기념관,경상북도,칠곡군,128.40265706502674,36.015535606392056
762,(재)경상북도문화재연구원 박물관,경상북도,영천시,128.8966286115178,35.94125003762257
763,우륵박물관,경상북도,고령군,128.2626779658865,35.739267658155875
764,삼성현역사문화관,경상북도,경산시,128.79589086313868,35.798461321904206
765,예천박물관,경상북도,예천군,128.51342613787776,36.69745172367867
766,문경자연생태박물관,경상북도,문경시,128.07765505966148,36.74964845158175
767,문경도자기박물관,경상북도,문경시,128.08324773867878,36.73829198673318
768,영일민속박물관,경상북도,포항시,129.34636142622693,36.10791637126111
769,김천세계도자기박물관,경상북도,김천시,128.01020923622028,36.114288984662196
770,경상북도산림과학박물관,경상북도,안동시,128.82434545180965,36.711313302766605
771,안동민속박물관,경상북도,안동시,128.76593800644082,36.576530732376504
772,전통문화콘텐츠박물관,경상북도,안동시,128.7333436513641,36.56331900045606
773,장보고 기념관,전라남도,완도군,126.729438756018,34.35232330582112
774,전라남도농업박물관,전라남도,영암군,126.45817179175096,34.7741540480881
775,나주배박물관,전라남도,나주시,inf,inf
776,목포자연사문화박물관,전라남도,목포시,126.421006,34.7935041
777,목포생활도자박물관,전라남도,목포시,126.42016467776753,34.79093748725844
778,목포문학전시관,전라남도,목포시,126.41719814343611,34.79105085597688
779,선암사성보박물관,전라남도,순천시,127.33009661799322,34.99381351310138
780,영암도기박물관,전라남도,영암군,126.61947518457497,34.75769093514544
781,한국천연염색박물관,전라남도,나주시,126.66195906149622,34.99143565962677
782,수다라성보박물관(영광불갑사),전라남도,영광군,126.54905400544787,35.198010408098725
783,땅끝해양 자연사박물관,전라남도,해남군,126.528803478173,34.298767972632334
784,고려청자박물관,전라남도,강진군,126.79946339143181,34.50556089983479
785,전라남도 산림박물관,전라남도,완도군,126.67185128582156,34.35510821879969
786,귀족호도,전라남도,장흥군,126.91843871657406,34.67219262347827
787,한국차박물관,전라남도,보성군,127.08430312491964,34.73349422223191
788,동신대학교문화박물관,전라남도,나주시,126.71778112353914,35.04926865355131
789,규남박물관,전라남도,화순군,127.07938835435766,35.10758423860898
790,남도전통미술관,전라남도,진도군,126.30748921225633,34.4633543598586
791,해남공룡박물관,전라남도,해남군,126.43928288155931,34.58619786241734
792,대흥사 서산대사박물관,전라남도,해남군,126.61549798536697,34.47323822706638
793,히든트릭아트뮤지엄,전라남도,담양군,127.011402,35.321594
794,순천시립 뿌리깊은나무박물관,전라남도,순천시,127.4865454008001,34.94775816322157
795,웅천도요지전시관,경상남도,창원시,128.681272,35.2283837
796,금산사 성보박물관,전라북도,김제시,127.0530121693389,35.71967833836534
797,군산근대역사박물관,전라북도,군산시,126.71117106023539,35.98793905906406
798,어진박물관,전라북도,전주시,127.14872842306588,35.81266363760948
799,마한박물관,전라북도,익산시,127.05897478988058,35.997615302579675
800,정읍시립박물관,전라북도,정읍시,126.89374198387726,35.52502757865083
801,장생포고래박물관,울산광역시,남구,129.3814742181449,35.49994765435604
802,울산대학교박물관,울산광역시,남구,129.25612456354656,35.53871299082715
803,울산대곡박물관,울산광역시,울주군,129.16826384733344,35.616278035827015
804,울산암각화박물관,울산광역시,울주군,129.16934658860382,35.60540476120721
805,울산박물관,울산광역시,남구,129.30806544575665,35.52440829331525
806,울산 해양박물관,울산광역시,울주군,129.35368027279432,35.35892059072006
807,울주민속박물관,울산광역시,울주군,129.2801144940026,35.43352118090015
808,울산옹기박물관,울산광역시,울주군,129.2786307801819,35.43227578780505
809,외솔기념관,울산광역시,중구,129.3466983267526,35.57190600300437
810,여수미술관,전라남도,여수시,127.65930741151763,34.75856557496228
811,시문학파기념관,전라남도,강진군,126.76512430566731,34.6394998979783
812,아쿠아플라넷 여수,전라남도,여수시,127.74790053459698,34.74344510877303
813,여수민속전시관,전라남도,여수시,127.66140007131159,34.75783290869188
814,김대중노벨평화상기념관,전라남도,목포시,126.39092906873202,34.77995441159542
815,노적봉예술공원미술관,전라남도,목포시,126.38012071257485,34.78543343366107
816,화엄사성보박물관,전라남도,구례군,127.49668669893329,35.25373329993982
817,백호문학관,전라남도,나주시,126.66606889930851,34.99416599748469
818,강진군 다산박물관,전라남도,강진군,126.7487665964548,34.573611541903055
819,와보랑께 박물관,전라남도,강진군,126.82610473564885,34.69689891809666
820,담양 우표박물관,전라남도,담양군,126.88884114459513,35.273759573235004
821,고산 윤선도 박물관,전라남도,해남군,126.62015760065935,34.54712884123971
822,한국민화뮤지엄,전라남도,강진군,126.8048045285202,34.50581156294629
823,한국압화박물관,전라남도,구례군,127.4597683386071,35.194084297859476
824,목포근대역사관,전라남도,목포시,126.38133025746139,34.784988599440155
825,진도역사관,전라남도,진도군,126.30748921225633,34.4633543598586
826,고흥운대분청사기문화관,전라남도,고흥군,127.32285247107,34.62526064992617
827,나주배박물관,전라남도,나주시,126.76576520448995,35.03156749742219
828,미암박물관,전라남도,담양군,127.02081067959223,35.2568585376272
829,나야나 교육박물관,전라남도,담양군,126.98260949095828,35.32252013914615
830,고흥갑재민속전시관,전라남도,고흥군,127.31175947093242,34.6490068979782
831,도갑사성보관,전라남도,영암군,126.66205480536506,34.75002517474347
832,대원사 티벳박물관,전라남도,보성군,127.13151687528806,34.956444151404156
833,아천미술관,전라남도,영암군,126.706457,34.894694
834,아산조방원미술관,전라남도,곡성군,127.12161985533031,35.29419904120862
835,백민미술관,전라남도,보성군,127.160091,34.9669512
836,장전미술관,전라남도,진도군,126.23696597380253,34.42683528054132
837,다산미술관,전라남도,화순군,127.12551034250171,35.020498061867194
838,잠월미술관,전라남도,함평군,126.55204996696445,35.16972487100106
839,명지미술관,전라남도,담양군,126.99706685723307,35.2067872255328
840,이안미술관,전라남도,영암군,126.48036,34.7570407
841,도화헌미술관,전라남도,고흥군,127.32587238577274,34.446129058772385
842,남포미술관,전라남도,고흥군,127.45600408277053,34.60080600507587
843,대담미술관,전라남도,담양군,126.9826728395901,35.32272149034549
844,무안군오승우미술관,전라남도,무안군,126.41441951451766,34.849694734060364
845,학명미술관,전라남도,강진군,126.71455502421031,34.739150544769714
846,함평군립미술관,전라남도,함평군,126.51949422629754,35.052318094387715
847,우종미술관,전라남도,보성군,127.21679012551536,34.82222344129901
848,영암군립하정웅미술관,전라남도,영암군,126.62126329582553,34.75800347843499
849,아트센터 신선,전라남도,목포시,126.42708445935978,34.793799052705246
850,소소 미술관,전라남도,화순군,126.90473524571865,35.03321582173553
851,행촌미술관,전라남도,해남군,126.61183002812113,34.56891968646253
852,공예미술관 보임쉔,전라남도,담양군,126.87882368177108,35.24588084588676
853,경훈미술관,전라남도,목포시,126.41719814343611,34.79105085597688
854,모긴미술관,전라남도,순천시,127.45719804967757,35.15657891229637
855,소아르미술관,전라남도,화순군,126.95864601824384,35.072748500865934
856,진도 솔마루미술관,전라남도,진도군,inf,inf
857,양구인문학박물관,강원도,양구군,127.98047331146383,38.11920309230309
858,방산자기박물관,강원도,양구군,127.95025050501387,38.20498354608164
859,"통일공원(함정전시관, 안보전시관) 박물관",강원도,강릉시,128.99772375762439,37.71930871435057
860,난고김삿갓문학관,강원도,영월군,128.60086406900533,37.07734062481844
861,단종역사관,강원도,영월군,128.45429877527692,37.19253027431935
862,탄광문화촌,강원도,영월군,128.466243827851,37.2601682841701
863,별마로천문대,강원도,영월군,128.48498246300846,37.19647078849017
864,동강생태정보센터,강원도,영월군,128.5047189201142,37.225429860790676
865,원주역사박물관,강원도,원주시,127.96604761718302,37.3401715384926
866,영월초등교육박물관,강원도,영월군,128.4310552856992,37.249988272497355
867,영월미디어기자박물관,강원도,영월군,128.35562873991518,37.240657873709345
868,인도미술박물관,강원도,영월군,128.23817565435908,37.234226349945516
869,영월종교미술박물관,강원도,영월군,128.4446897880191,37.20810130384964
870,DMZ 박물관,강원도,고성군,128.38188965690443,38.573804028092106
871,정동진시간박물관,강원도,강릉시,129.0366519427597,37.68490959346976
872,정동진박물관,강원도,강릉시,129.0366519427597,37.68490959346976
873,정동진시간박물관,강원도,강릉시,129.0366519427597,37.68490959346976
874,영월동굴생태관,강원도,영월군,128.53588556304965,37.12759792907725
875,환희컵박물관,강원도,강릉시,128.94234265622595,37.771559285044944
876,만봉불화박물관,강원도,영월군,128.60774802897816,37.15224305389093
877,여초서예관,강원도,인제군,128.31864936889374,38.18654982772495
878,여초서예관,강원도,인제군,128.31864936889374,38.18654982772495
879,영월곤충박물관,강원도,영월군,128.4219891322099,37.2084193866829
880,자연아놀자박물관,강원도,강릉시,128.90308963013555,37.78269074170115
881,손성목영화박물관,강원도,강릉시,128.8970575228511,37.795525188783834
882,더월드베스트필름뮤지엄박물관,강원도,강릉시,128.88873622270398,37.801395934731126
883,손성목영화박물관,강원도,강릉시,128.88873622270398,37.801395934731126
884,한국시집박물관,강원도,인제군,128.3176057539753,38.185976561565006
885,한국시집박물관,강원도,인제군,128.3176057539753,38.185976561565006
886,화천박물관,강원도,화천군,127.70354824438301,38.095125339622264
887,연세대학교원주박물관,강원도,원주시,127.91451847249299,37.27868479203099
888,속초해변자연박물관,강원도,속초시,128.600758289538,38.188242183952326
889,시와 철학이 숨 쉬는 공간 양구 인문학 박물관,강원도,양구군,127.98047331146383,38.11920309230309
890,시와 철학이 숨 쉬는 공간 양구 인문학 박물관,강원도,양구군,127.98047331146383,38.11920309230309
891,양구인문학박물관,강원도,양구군,127.98047331146383,38.11920309230309
892,양구근현대사박물관,강원도,양구군,127.98953095242305,38.12076892653638
893,무릉고서화미술박물관,강원도,원주시,127.88609122075106,37.32221517000135
894,강원감영 관찰사 박물관,강원도,원주시,127.885867,37.3292687
895,강원감영관찰사박물관,강원도,원주시,127.88609122075106,37.32221517000135
896,경포아쿠아리움박물관,강원도,강릉시,128.90659933809846,37.78763934089094
897,삼탄아트마인,강원도,정선군,128.8818182612586,37.18249643089775
898,영월 Y파크(술샘박물관),강원도,영월군,128.269206,37.2740029
899,국립춘천박물관,강원도,춘천시,127.75254981029701,37.86110581254573
900,산림박물관,강원도,춘천시,127.72461050969247,37.920589139806545
901,오죽헌시립박물관,강원도,강릉시,128.87614959990088,37.77514369079988
902,삼척시립박물관,강원도,삼척시,129.15757497879002,37.4361373017002
903,양구군립미술관,강원도,양구군,127.98071667070477,38.093657521394526
904,양구선사박물관,강원도,양구군,inf,inf
905,원주시립박물관,강원도,원주시,127.96604761718302,37.3401715384926
906,인제산촌민속박물관,강원도,인제군,128.17076398800594,38.06011329051371
907,경찰박물관,강원도,춘천시,127.74950266331909,37.922827436245704
908,강릉원주대학교박물관,강원도,강릉시,128.86835962359547,37.767250934271765
909,가톨릭관동대학교박물관,강원도,강릉시,128.8732832075524,37.73337373647029
910,강원대학교박물관,강원도,춘천시,127.74417371875252,37.866299083863936
911,한림대학교박물관,강원도,춘천시,127.73435602825866,37.88407086715244
912,한얼문예박물관,강원도,횡성군,128.07193094834372,37.48577536650984
913,에디슨과학박물관,강원도,강릉시,128.8963292082689,37.794559876542294
914,원주허브팜식물박물관,강원도,원주시,127.92352040148815,37.30583099641683
915,호야지리박물관,강원도,영월군,128.26191711155212,37.297205344367335
916,태백석탄박물관,강원도,태백시,128.9496977894314,37.11580217964543
917,양구근현대사박물관,강원도,양구군,127.98953095242305,38.12076892653638
918,일현미술관,강원도,양양군,128.67815274844176,38.058052389610786
919,라디오스타박물관,강원도,영월군,128.47620618694756,37.182666708628844
920,아리랑박물관,강원도,정선군,128.6706483766952,37.372663977842706
921,인제스피디움 클래식카 박물관,강원도,인제군,128.295357,38.0026094
922,의암 류인석 기념관,강원도,춘천시,127.569527,37.7454918
923,어촌민속전시관,강원도,삼척시,129.32648679123128,37.2651790945511
924,월정사성보박물관,강원도,평창군,128.60182187052666,37.715771237181336
925,고려궁박물관,강원도,평창군,128.64694619055356,37.61606979295924
926,하슬라미술관,강원도,강릉시,129.00906245711383,37.70374971536552
927,석봉도자기미술관,강원도,속초시,128.58167876499155,38.19527657030691
928,내설악백공미술관,강원도,인제군,128.3608276856886,38.210565915458446
929,뮤지엄 산(청조갤러리),강원도,원주시,127.82237914698362,37.415429093368836
930,양구군립박수근미술관,강원도,양구군,127.98071667070477,38.093657521394526
931,국제현대미술관,강원도,영월군,128.50564290296796,37.205258623677366
932,쾌연재도자미술관,강원도,영월군,128.36726900721763,37.21536688958843
933,만해문학박물관,강원도,인제군,128.31561794333248,38.183673664980645
934,영월화석박물관,강원도,영월군,128.3399688142678,37.29024811443569
935,애니메이션박물관,강원도,춘천시,127.691893,37.8930062
936,LIUSEUM 세계민족악기전시관,강원도,춘천시,127.52475449779915,37.788766878315265
937,태백고생대자연사박물관,강원도,태백시,129.03875959852382,37.09196269157468
938,강릉커피박물관,강원도,강릉시,128.78376343985133,37.64952737392586
939,뮤지엄 산(페이퍼갤러리),강원도,원주시,127.82237914698362,37.415429093368836
940,인제 내설악미술관,강원도,인제군,128.2525162588229,38.14276372912083
941,오랜미래신화미술관,강원도,원주시,127.78601434126014,37.338814291624885
942,오랜미래신화미술관,강원도,원주시,127.76887724507002,37.347384623449116
943,KT&G 상상마당 춘천 아트캘러리,강원도,춘천시,127.70172109589187,37.87107375699643
944,제천의병전시관,충청북도,제천시,128.19050055779854,37.129613107439305
945,강진미술관,전라남도,강진군,126.76805438846765,34.6415702348688
946,화순군립석봉미술관,전라남도,화순군,126.98682716771532,35.070548169536515
947,부천시립박물관,경기도,부천시,126.80196326740514,37.50991110674558
948,성주성산동고분군전시관,경상북도,성주군,128.29838398425608,35.903970741523864
949,대구보건대학교 보현박물관,경상남도,밀양시,128.92673985011712,35.484063271342094
950,현대어린이책미술관 MOKA GARDEN,경기도,남양주시,127.15193133638377,37.61335045025913
951,선화기독교미술관,충청남도,논산시,127.238296,36.2076987
952,KT&G 상상마당 부산미술관,부산광역시,부산진구,129.05643203501535,35.15148246321696
953,수원박물관,경기도,수원시,127.03436300851085,37.294974036108194
954,수원화성박물관,경기도,수원시,127.01857177630353,37.279829234809625
955,순성미술관,충청남도,당진시,126.7115710712123,36.84014824958786
956,구미성리학역사관,경상북도,구미시,128.3128355037442,36.1117279190817
957,세계조개박물관,전라남도,신안군,125.99544497859765,34.87523610502744
958,전남도립미술관,전라남도,광양시,127.58792337245158,34.96509401464883
959,유달미술관,전라남도,목포시,126.37689471221712,34.80679649642886
960,제주항일기념관,제주특별자치도,제주시,126.6419325002503,33.538871600146436
961,SN박물관,제주특별자치도,제주시,126.77772642941203,33.44077951486151
962,예나르공예박물관,제주특별자치도,제주시,126.2658373859661,33.337208670098384
963,포스코역사박물관,경상북도,포항시,129.38139765323731,35.99557212202679
964,포항바다화석박물관,경상북도,포항시,129.56555608243207,36.07380336517304
965,영일민속박물관,경상북도,포항시,129.34636142622693,36.10791637126111
966,포스코역사박물관,경상북도,포항시,129.38625852141902,35.99452623989426
967,포항시립미술관,경상북도,포항시,129.39072538444958,36.0634899779464
968,보경사성보박물관,경상북도,포항시,129.3053107236992,36.2603654168678
969,국립전주박물관,전라북도,전주시,127.08895452127986,35.798529931013995
970,전주역사박물관,전라북도,전주시,127.0926003952715,35.79814582903846
971,전주대학교박물관,전라북도,전주시,127.0875485961135,35.807919986391354
972,전주한지박물관,전라북도,전주시,127.09779489466415,35.84586707307287
973,전주전통술박물관,전라북도,전주시,127.15271121769794,35.81424483068884
974,예수병원의학박물관,전라북도,전주시,127.13439608639047,35.81153666461065
975,전주전통술박물관,전라북도,전주시,127.15271121769794,35.81424483068884
976,전북대학교부속박물관,전라북도,전주시,127.12881036368306,35.845182617800454
977,교동미술관,전라북도,전주시,127.15032004618486,35.81270777976072
978,어진박물관,전라북도,전주시,127.14872842306588,35.81266363760948
979,누벨백미술관,전라북도,전주시,127.10416373385242,35.815132503906476
980,창조자연사박물관,경기도,시흥시,126.78571619464431,37.43095760367836
981,소전미술관,경기도,시흥시,126.78547230588744,37.448439836771094
982,시흥오이도박물관,경기도,시흥시,126.68968306842345,37.33215692991364
983,청주시립미술관,충청북도,청주시,127.47758515187031,36.63199131031225
984,청주시립대청호미술관,충청북도,청주시,127.493715,36.5071075
985,디자인코리아뮤지엄,경기도,성남시,127.12265222666812,37.410424011816886
986,재단법인 중남미 문화원 병설 박물관,경기도,고양시,126.904194,37.7092688
987,배다리박물관,경기도,고양시,126.8454973315496,37.6557220264872
988,증권박물관,경기도,고양시,126.78543953670638,37.635940721353755
989,배다리 박물관,경기도,고양시,126.84594373338709,37.65544955056866
990,민속전시관,경기도,고양시,126.77925957238051,37.66745596193007
991,목암미술관,경기도,고양시,126.92104026091015,37.71561663716171
992,배다골민속박물관,경기도,고양시,126.84685240738838,37.628297704530254
993,아람미술관,경기도,고양시,126.77386645772528,37.65877450600367
994,유진민속박물관,경기도,고양시,126.86502972041086,37.64311881153575
995,(주)일산씨월드-한화 아쿠아플라넷 일산,경기도,고양시,126.75467545265396,37.66077233903805
996,포마자동차디자인미술관,경기도,고양시,126.89565402684993,37.589033612701186
997,고양어린이박물관,경기도,고양시,126.82984082970957,37.62671209683886
998,고양 어린이박물관,경기도,고양시,126.82984082970957,37.62671209683886
999,고양가와지볍씨박물관,경기도,고양시,126.870061,37.6497625
1000,토지주택박물관,경기도,성남시,127.12036050296965,37.351489251301125
1001,신구대학박물관,경기도,성남시,127.16726168581856,37.44598353536739
1002,성남아트센터 큐브미술관,경기도,성남시,127.13074095324858,37.39987138002257
1003,신구대학교 우촌박물관,경기도,성남시,127.16726168581856,37.44598353536739
1004,판교박물관,경기도,성남시,127.09480198922854,37.39818749118467
1005,판교박물관,경기도,성남시,127.09480198922854,37.39818749118467
1006,현대어린이책미술관 MOKA,경기도,성남시,127.111235379089,37.39002414422624
1007,미누현대미술관,경기도,성남시,127.14873536968095,37.44225095762779
1008,신구대학교식물원 갤러리 우촌,경기도,성남시,127.080915,37.4335432
1009,왈츠와 닥터만 커피박물관,경기도,남양주시,127.3376107855989,37.589239223377625
1010,서호미술관,경기도,남양주시,127.35054066995615,37.630008161588066
1011,자연사박물관우석헌,경기도,남양주시,127.16022222926259,37.69530343332705
1012,예당국악박물관,경기도,남양주시,127.16771133914057,37.587246515506514
1013,우석헌자연사박물관,경기도,남양주시,127.16012515409969,37.69510257738788
1014,서호미술관,경기도,남양주시,127.35054066995615,37.630008161588066
1015,목멱박물관,경기도,남양주시,127.25425856747565,37.54000118250306
1016,프라움 악기박물관,경기도,남양주시,127.22659858734811,37.56559049946709
1017,덕소자연사박물관,경기도,남양주시,127.2298151216414,37.576965585575365
1018,모란미술관,경기도,남양주시,127.3233557754293,37.64786117860606
1019,미호박물관,경기도,남양주시,127.17984260387892,37.589947013785334
1020,남양주역사박물관,경기도,남양주시,127.2436731122653,37.54359163873021
1021,한강뮤지엄,경기도,남양주시,127.2359090037483,37.55066744589965
1022,현대어린이책미술관 MOKA GARDEN,경기도,남양주시,127.15193133638377,37.61335045025913
1023,고양 로봇박물관,경기도,고양시,126.85366290832044,37.688113699701454
1024,전주현대미술관,전라북도,전주시,127.14343897914276,35.81101668483996
1025,청목미술관,전라북도,전주시,127.14484434963197,35.820171509897484
1026,미술관 솔,전라북도,전주시,127.14564408942186,35.81837896642954
1027,여주곤충박물관,경기도,여주시,127.6623896524068,37.257040287385635
1028,목아박물관,경기도,여주시,127.68733681380988,37.285820272649346
1029,여성생활사박물관,경기도,여주시,127.70744413943062,37.24031733064354
1030,죽포미술관,경기도,여주시,127.44178668385511,37.407339921712435
1031,여주미술관테마파트&갤러리,경기도,여주시,127.63607231776409,37.26207385696625
1032,옹청박물관,경기도,여주시,127.4479586194574,37.38702287156811
1033,독립기념관,충청남도,천안시,127.22360585630118,36.77972070952494
1034,도계민화미술박물관,충청남도,천안시,127.17172503465358,36.790377037748506
1035,리각 미술관,충청남도,천안시,127.19073551821604,36.82127733156049
1036,백석대학교 기독교박물관,충청남도,천안시,127.18496937596692,36.83716443564506
1037,도계민화박물관,충청남도,천안시,127.1714415384146,36.7900019711915
1038,천안시립미술관,충청남도,천안시,127.22535939032517,36.753340004316875
1039,독립기념관,충청남도,천안시,127.222648,36.7836726
1040,천안박물관,충청남도,천안시,127.16206588971478,36.784265340383165
1041,천안흥타령관,충청남도,천안시,127.16462355631967,36.78232071825058
1042,유관순열사기념관,충청남도,천안시,127.30675873564998,36.75634951050862
1043,석오이동녕기념관,충청남도,천안시,127.23805767597939,36.7876559898324
1044,돌석도예박물관,경기도,안양시,126.904576,37.3790279
1045,안양박물관,경기도,안양시,126.918296,37.4183677
1046,김중업박물관,경기도,안양시,126.918296,37.4183677
1047,명칭,경기도,부천시,126.795147,37.4859817
1048,한국만화박물관,경기도,부천시,126.7458049587302,37.50929512084363
1049,부천펄벅기념관,경기도,부천시,126.78085770768116,37.47262836068939
1050,부천수석박물관,경기도,부천시,126.799003,37.5025488
1051,부천로보파크전시관,경기도,부천시,126.76336689575703,37.51408819642762
1052,부천활박물관,경기도,부천시,126.79815291631137,37.500376783561066
1053,용주사효행박물관,경기도,화성시,126.98439563510404,37.11126624028842
1054,수원대학교 박물관,경기도,화성시,126.974074,37.2130763
1055,엄미술관,경기도,화성시,126.9784584295565,37.20280805463621
1056,제암리 3.1운동 순국기념관,경기도,화성시,126.89103736264755,37.123426502451835
1057,소다미술관,경기도,화성시,127.00521073280733,37.199020823250656
1058,화성시 역사박물관,경기도,화성시,126.928235894079,37.130702608551616
1059,지도박물관,경기도,수원시,127.05410199672767,37.2729503172536
1060,경기대학교소성박물관,경기도,수원시,127.03444792307786,37.298981200300624
1061,세주묘엄박물관,경기도,수원시,127.03725858314387,37.28818870328085
1062,해움미술관,경기도,수원시,127.0141961572645,37.26951129777612
1063,부천시립박물관,경기도,부천시,126.80196326740514,37.50991110674558
1064,경남대학교박물관,경상남도,마산시,128.555112,35.1843405
1065,해군사관학교 박물관,경상남도,진해시,128.65742835286798,35.14122966616482
1066,마산시립문신미술관,경상남도,마산시,128.569276,35.2067699
1067,경남도립미술관,경상남도,창원시,128.68995938119562,35.23722667850068
1068,대산미술관,경상남도,창원시,128.7433524181444,35.34219210897735
1069,창원대학교 박물관,경상남도,창원시,128.6912193060679,35.244025226573214
1070,마산시립박물관,경상남도,창원시,128.5682877006526,35.202832054622206
1071,창원역사민속관,경상남도,창원시,128.6799145068367,35.24211543133136
1072,웅천도요지전시관,경상남도,창원시,128.8152569381539,35.12475289873951
1073,수원광교박물관,경기도,수원시,127.05039969378534,37.29368327112336
1074,이주대학교 도구박물관,경기도,수원시,127.04458323322442,37.2813409614021
1075,수원시립아이파크미술관,경기도,수원시,127.01496661521712,37.27994686595777
1076,수원박물관,경기도,수원시,127.03436300851085,37.294974036108194
1077,수원화성박물관,경기도,수원시,127.01857177630353,37.279829234809625
1078,용인시박물관,경기도,용인시,127.15315920619096,37.27095110263874
1079,용인문화유적전시관,경기도,용인시,127.15315920619096,37.27095110263874
1080,용인문화유적전시관,경기도,용인시,127.15315920619096,37.27095110263874
1081,용인문화유적전시관,경기도,용인시,127.15315920619096,37.27095110263874
1082,용인문화유적전시관,경기도,용인시,127.15315920619096,37.27095110263874
1083,근현대사미술관담다,경기도,용인시,127.13587572923694,37.274431680240255
1084,대성동고분박물관,경상남도,김해시,128.87288443996215,35.23462994517879
1085,인제대학교 박물관,경상남도,김해시,128.90031505321937,35.24761075362989
1086,김해한림박물관,경상남도,김해시,128.79371514147158,35.29159747823229
1087,클레이아크김해미술관,경상남도,김해시,128.74409552993504,35.247698435785004
1088,김해문화의 전당 윤슬미술관,경상남도,김해시,128.8690379400276,35.24087865337747
1089,김해민속박물관,경상남도,김해시,128.87495020072566,35.232471780473126
1090,진영문화의집,경상남도,김해시,128.73229278179403,35.30160151006799
1091,안동문화의집,경상남도,김해시,128.9169243954176,35.2328942171528
1092,김해목재문화체험장,경상남도,김해시,128.80681898974893,35.177052377617194
1093,김해분청도자박물관,경상남도,김해시,128.7450235469548,35.248780036363854
1094,김해 화포천습지 생태학습관,경상남도,김해시,128.7876828614761,35.30797940413832
1095,김해시수도박물관,경상남도,김해시,128.8223184597582,35.28126301631883
1096,김해문화의집,경상남도,김해시,128.8859055787801,35.22603150000767
1097,성호박물관,경기도,안산시,126.86278387925265,37.33435066915973
1098,이풀실내정원,경기도,안산시,126.88850974879718,37.30789632099573
1099,경기도박물관,경기도,용인시,127.10894382990998,37.26531997289122
1100,삼성교통박물관,경기도,용인시,127.21714711917863,37.29753175643428
1101,둥지박물관,경기도,용인시,127.32367049399802,37.13807823494827
1102,단국대학교 석주선기념박물관,경기도,용인시,127.1264186525918,37.318587538103664
1103,삶의 이야기가 있는 집,경기도,용인시,127.29524846622729,37.17066797632114
1104,삼성화재교통박물관,경기도,용인시,127.21714711917863,37.29753175643428
1105,명지대학교박물관,경기도,용인시,127.199864,37.2211397
1106,한국민속촌박물관,경기도,용인시,127.12235831921313,37.25660483493357
1107,한국등잔박물관,경기도,용인시,127.17693653809312,37.33368613724654
1108,삼성교통박물관,경기도,용인시,127.21714711917863,37.29753175643428
1109,용인대학교 박물관,경기도,용인시,127.16738435035928,37.22392133825274
1110,호암미술관,경기도,용인시,127.19079473505974,37.29077527540707
1111,경희대 혜정박물관,경기도,용인시,127.07816269668322,37.242442472394615
1112,백남준 아트센터,경기도,용인시,127.10894382990998,37.26531997289122
1113,마가미술관,경기도,용인시,127.1919286865453,37.32900408642079
1114,신세계 한국상업사박물관,경기도,용인시,127.18033957174998,37.1474031874618
1115,한국미술관,경기도,용인시,127.13117399945472,37.306212428084194
1116,예아리박물관,경기도,용인시,127.36290266220843,37.138809367197474
1117,신영숙콜렉션,경기도,용인시,127.08898015759475,37.27470697901557
1118,안젤리미술관,경기도,용인시,127.23067451215476,37.18164718022923
1119,설민민화박물관,경기도,용인시,127.27628372086755,37.18651993521055
1120,안산 어촌민속전시관,경기도,안산시,126.64539320899276,37.189804375034925
1121,안산 향토사료관,경기도,안산시,126.8473241509708,37.29594627700233
1122,맥아트미술관,경기도,안산시,126.60118879014665,37.217866005348895
1123,유리섬미술관,경기도,안산시,126.60118879014665,37.217866005348895
1124,종이미술관,경기도,안산시,126.5755767626445,37.22170025221835
1125,김홍도미술관,경기도,안산시,126.85015583572113,37.31375087589971
1126,외할머니의 부엌,경기도,김포시,126.53827737531135,37.64722462076244
1127,덕포진교육박물관,경기도,김포시,126.538699,37.6506312
1128,김포시독립운동기념관,경기도,김포시,126.629622,37.6533403
1129,김포 다도박물관,경기도,김포시,126.57365831994866,37.73485538662414
1130,보름산미술관,경기도,김포시,126.76014080124426,37.59352322414397
1131,보름산미술관,경기도,김포시,126.76014080124426,37.59352322414397
1132,CICA미술관,경기도,김포시,126.59711820608709,37.60551629703268
1133,청주고인쇄박물관,충청북도,청주시,inf,inf
1134,청주백제유물전시관,충청북도,청주시,127.46855956132539,36.64945778675375
1135,예뿌리 민속박물관,충청북도,청주시,127.597875,36.5828319
1136,청주대학교박물관,충청북도,청주시,127.495188,36.6508498
1137,충북대학교박물관,충청북도,청주시,127.455085,36.6300312
1138,한국잠사박물관,충청북도,청주시,127.382235,36.6393607
1139,한국교원대학교 교육박물관,충청북도,청주시,127.36510486152547,36.6033827531456
1140,운보미술관,충청북도,청주시,127.5641211109507,36.68944427732568
1141,신미술관,충청북도,청주시,127.475716,36.6378266
1142,쉐마미술관,충청북도,청주시,127.499677,36.6950219
1143,우민아트센터,충청북도,청주시,127.48828365603208,36.641774060023565
1144,청주시한국공예관,충청북도,청주시,127.49237,36.6561871
1145,스페이스몸 미술관,충청북도,청주시,127.43200717110504,36.624022577038936
1146,mM ArtCenter,경기도,평택시,126.85447136862818,36.99016689140651
1147,단국역사관,경기도,용인시,127.49237,36.6561871
